,time,r_x,r_y,r_z,v_x,v_y,v_z,a,M
0,0.0,6492920.0,0.0,0.0,-279.19597362000775,7995.1266161527665,7995.1266161527665,0.0,0.0
1,1.0,6492640.80402638,7995.1266161527665,3.9757668475599165e-10,-288.65046242562664,7995.124853181329,0.00012916238782074296,0.0018161837715108627,19.020515376732877
2,2.0,6492352.153563955,15990.251469334096,0.00012916278539742773,-298.10572646164906,7995.111386407507,0.00026275291005236083,0.001878445960124366,19.14281188816849
3,3.0,6492054.047837493,23985.3628557416,0.00039191569544978853,-307.5617495194058,7995.08621006155,0.00040098115279642885,0.0019436576506519946,19.267686813191993
4,4.0,6491746.486087973,31980.44906580315,0.0007928968482462174,-317.01851533854045,7995.049318263664,0.0005440666221482653,0.0020119584104029207,19.395028904373362
5,5.0,6491429.467572635,39975.498384066814,0.0013369634703944825,-326.4760076047078,7995.000705017158,0.0006922392617368205,0.0020834950876716524,19.52472732349051
6,6.0,6491102.99156503,47970.49908908397,0.002029202732131303,-335.93420994713404,7994.9403642012085,0.0008457399995154739,0.002158422223221907,19.65667176755751
7,7.0,6490767.057355083,55965.43945328518,0.002874942731646777,-345.39310593603113,7994.868289563218,0.0010048213253415388,0.002236902483404211,19.790752582076546
8,8.0,6490421.664249146,63960.307742848396,0.003879764056988316,-354.852679079857,7994.784474710739,0.0011697479009593731,0.0023191071159920757,19.926860862028068
9,9.0,6490066.811570067,71955.09221755914,0.0050495119579476895,-364.31291282241267,7994.688913102956,0.0013407972040823189,0.0024052164298670312,20.06488854116367
10,10.0,6489702.498657244,79949.7811306621,0.006390309162030009,-373.7737905397671,7994.581598041686,0.0015182602083517872,0.002495420299721746,20.20472847019557
11,11.0,6489328.724866704,87944.36272870378,0.007908569370381795,-383.2352955370002,7994.462522661892,0.0017024421010387843,0.00258991869700534,20.346274484521473
12,12.0,6488945.489571167,95938.82525136568,0.009611011471420579,-392.69741104475327,7994.331679921661,0.0018936630404419257,0.0026889222483597397,20.48942146211312
13,13.0,6488552.792160123,103933.15693128733,0.011504674511862505,-402.1601202155769,7994.18906259164,0.0020922589550294644,0.002792652822862706,20.634065372244812
14,14.0,6488150.632039907,111927.34599387897,0.01359693346689197,-411.623406120064,7994.034663243897,0.002298582386467811,0.002901344149413843,20.780103315708956
15,15.0,6487739.008633788,119921.38065712288,0.01589551585335978,-421.08725174275685,7993.868474240161,0.0025130033787773218,0.0030152424656471727,20.927433557175583
16,16.0,6487317.921382045,127915.24913136305,0.018408519232137103,-430.5516399778153,7993.690487719444,0.0027359104159576054,0.003134607199798382,21.07595555035176
17,17.0,6486887.3697420675,135908.9396190825,0.02114442964809471,-440.01655362443285,7993.500695584976,0.0029677114105271145,0.003259711686970053,21.225569956558296
18,18.0,6486447.353188443,143902.44031466747,0.024112141058621823,-449.48197538198707,7993.299089490452,0.003208834745528292,0.003390843921293914,21.376178657354476
19,19.0,6485997.871213061,151895.73940415794,0.027320975804150115,-458.9478878449102,7993.085660825533,0.003459730372656583,0.0035283073454970577,21.527684761795378
20,20.0,6485538.9233252155,159888.82506498348,0.0307807061768067,-468.41427349726393,7992.860400700572,0.0037208709692810498,0.0036724216794130934,21.679992608896328
21,21.0,6485070.509051718,167881.68546568404,0.03450157714608775,-477.88111470700363,7992.623299930549,0.0039927531572344355,0.0038235237889882125,21.833007765843586
22,22.0,6484592.6279370105,175874.30876561458,0.03849433030332219,-487.34839371991427,7992.3743490181305,0.004275898786362014,0.003981968597352602,21.986637022472767
23,23.0,6484105.279543291,183866.6831146327,0.0427702290896842,-496.8160926532023,7992.11353813586,0.004570856285929806,0.004148130039523901,22.140788382499657
24,24.0,6483608.463450638,191858.79665276856,0.047341085375614,-506.28419348872427,7991.8408571074115,0.0048782020871043245,0.004322402062314294,22.29537105196678
25,25.0,6483102.179257149,199850.637509876,0.052219287462718325,-515.7526780658337,7991.556295387869,0.0051985421198255406,0.004505199670984757,22.45029542532563
26,26.0,6482586.426579083,207842.19380526384,0.057417829582543864,-525.2215280738269,7991.259842042994,0.005532513387503535,0.004696960024178949,22.6054730695573
27,27.0,6482061.20505101,215833.45364730683,0.0629503429700474,-534.6907250439677,7990.9514857274235,0.005880785623075418,0.004898143578632855,22.760816706701984
28,28.0,6481526.514325965,223824.40513303425,0.06883112859312282,-544.1602503410697,7990.631214661764,0.006244063030061408,0.0051092352851024,22.916240195133934
29,29.0,6480982.354075624,231815.036347696,0.07507519162318423,-553.6300851546135,7990.299016608527,0.0066230861123563675,0.005330745836883322,23.07165850988674
30,30.0,6480428.723990469,239805.33536430454,0.08169827773554059,-563.1002104893785,7989.954878846859,0.0070186335965856175,0.0055632129722288925,23.22698772231344
31,31.0,6479865.62377998,247795.2902431514,0.0887169113321262,-572.5706071555633,7989.59878814601,0.007431524450938089,0.0058072028318551265,23.38214497932613
32,32.0,6479293.053172824,255784.8890312974,0.09614843578306428,-582.0412557583729,7989.230730737502,0.007862620004468671,0.006063311372647225,23.537048482458747
33,33.0,6478711.011917066,263774.1197620349,0.10401105578753296,-591.5121366870478,7988.85069228594,0.008312826170923967,0.006332165838450253,23.691617466913804
34,34.0,6478119.499780379,271762.97045432084,0.11232388195845693,-600.9832301033069,7988.458657858399,0.00878309578120478,0.006614426288781453,23.84577218080341
35,35.0,6477518.5165502755,279751.42911217926,0.12110697773966171,-610.4545159291825,7988.054611892365,0.009274431028616378,0.00691078718600268,23.99943386470231
36,36.0,6476908.062034346,287739.48372407164,0.13038140876827808,-619.9259738342179,7987.638538162143,0.00978788603108405,0.0072219790413329595,24.152524731646455
37,37.0,6476288.136060512,295727.1222622338,0.14016929479936213,-629.3975832220011,7987.210419743713,0.010324569514517741,0.007548770119797302,24.304967947668356
38,38.0,6475658.73847729,303714.33268197754,0.15049386431387987,-638.8693232160094,7986.770238977949,0.010885647621497038,0.007891968203946489,24.456687612952233
39,39.0,6475019.869154073,311701.1029209555,0.16137951193537692,-648.3411726447335,7986.317977432175,0.01147234684940997,0.008252422415825933,24.60760874365379
40,40.0,6474371.527981428,319687.4208983877,0.1728518587847869,-657.8131100260562,7985.853615859994,0.012085957122116542,0.008631025096325273,24.757657254419914
41,41.0,6473713.714871403,327673.27451424766,0.18493781590690345,-667.2851135508563,7985.377134159342,0.01272783499911575,0.009028713740625523,24.90675994162009
42,42.0,6473046.429757852,335658.651648407,0.1976656509060192,-676.7571610658111,7984.888511328727,0.013399407026071047,0.00944647298801623,25.054844467287452
43,43.0,6472369.672596786,343643.5401597357,0.21106505793209024,-686.2292300553678,7984.3877254215995,0.014102173230385878,0.009885336663800528,25.201839343731848
44,44.0,6471683.443366731,351627.9278851573,0.2251672311624761,-695.7012976228577,7983.874753498812,0.014837710765323765,0.01034638987053142,25.34767391880267
45,45.0,6470987.7420691075,359611.8026386561,0.24000494192779986,-705.1733404707269,7983.349571579143,0.015607677705918534,0.010830771125097827,25.492278361724875
46,46.0,6470282.568728637,367595.15221023525,0.2556126196337184,-714.6453348798581,7982.812154587832,0.016413816999129135,0.011339674530553583,25.635583641512028
47,47.0,6469567.923393757,375577.96436482307,0.27202643663284753,-724.1172566901779,7982.262476310653,0.0172579600112788,0.011874344117054493,25.777513063401393
48,48.0,6468843.806137067,383560.2268411337,0.2892843966441263,-733.5890812851181,7981.700509362047,0.018142029036625804,0.012436059238442432,25.917967105443076
49,49.0,6468110.217055782,391541.92735049577,0.3074264256807521,-743.060783570719,7981.12622513596,0.019068041098024777,0.013026152743553647,26.05684484875097
50,50.0,6467367.156272211,399523.05357563175,0.3264944667787769,-752.5323379528355,7980.539593751437,0.020038112146182587,0.01364601658478622,26.194048441411233
51,51.0,6466614.623934259,407503.5931693832,0.3465325789249595,-762.0037183135294,7979.9405839966985,0.021054461379275545,0.014297103514891666,26.329482977926077
52,52.0,6465852.620215945,415483.5337533799,0.367587040304235,-771.4748979866488,7979.329163271788,0.022119415679244518,0.014980928732330008,26.46305638200445
53,53.0,6465081.145317959,423462.86291665165,0.3897064559834795,-780.9458497326058,7978.705297529827,0.023235414160089174,0.01569907146122097,26.594679292515615
54,54.0,6464300.199468226,431441.56821418146,0.4129418701435687,-790.4165457123634,7978.06895121697,0.02440501282240268,0.016453176450734214,26.724264952436616
55,55.0,6463509.782922514,439419.63716539845,0.4373468829659714,-799.8869574606518,7977.42008721117,0.025630889307200082,0.01724495537724562,26.8517291005877
56,56.0,6462709.895965053,447397.05725260964,0.4629777722731715,-809.3570558584373,7976.758666759837,0.02691584774079462,0.018076188131025853,26.976989865932087
57,57.0,6461900.538909194,455373.81591936946,0.48989362001396614,-818.8268111046759,7976.084649416565,0.028262823661068456,0.01894872396770141,27.099967664222756
58,58.0,6461081.712098089,463349.900568786,0.5181564436750346,-828.2961926873913,7975.397992977038,0.02967488901395872,0.019864482503071938,27.22058509677613
59,59.0,6460253.415905402,471325.2985617631,0.5478313326889933,-837.7651693541217,7974.698653414315,0.031155257207320115,0.02082545452798632,27.338766851136636
60,60.0,6459415.650736048,479299.9972151774,0.5789865898963135,-847.2337090817945,7973.9865848137015,0.03270728820754731,0.021833702618313074,27.454439603424877
61,61.0,6458568.417026966,487273.9837999911,0.6116938781038608,-856.701779046091,7973.261739307392,0.03433449366242255,0.022891361513081573,27.56753192216034
62,62.0,6457711.71524792,495247.24553929846,0.6460283717662834,-866.1693455903803,7972.52406700918,0.03604054203159382,0.024000638231865407,27.677974173357924
63,63.0,6456845.5459023295,503219.7696063076,0.6820689137978772,-875.6363741943069,7971.773515949477,0.03782926370389172,0.025163811900557793,27.785698426724146
64,64.0,6455969.909528135,511191.5431222571,0.7198981775017689,-885.1028294421322,7971.010032010976,0.03970465607834521,0.02638323325256413,27.890638362789357
65,65.0,6455084.806698693,519162.55315426807,0.759602833580114,-894.5686749909441,7970.233558865294,0.04167088858326408,0.02766132377040918,27.99272918083911
66,66.0,6454190.238023702,527132.7867131333,0.8012737221633781,-904.0338735388593,7969.444037910959,0.04373230760509826,0.029000574430434124,28.09190750751346
67,67.0,6453286.204150164,535102.2307510443,0.8450060297684764,-913.4983867933615,7968.64140821317,0.04589344129599786,0.03040354401144117,28.188111305993154
68,68.0,6452372.70576337,543070.8721592575,0.8908994710644742,-922.9621754399329,7967.8256064457755,0.048159004226030346,0.03187285692560467,28.281279785682877
69,69.0,6451449.74358793,551038.6977657033,0.9390584752905046,-932.4251991111545,7966.99656683596,0.05053390184292304,0.033411200528257835,28.371353312356607
70,70.0,6450517.318388819,559005.6943325392,0.9895923771334276,-941.887416356468,7966.154221112173,0.05302323469893257,0.035021321860661196,28.458273318724057
71,71.0,6449575.4309724625,566971.8485536514,1.0426156118323602,-951.3487846128121,7965.298498455881,0.055632302401062775,0.03670602377824986,28.54198221542601
72,72.0,6448624.08218785,574937.1470521073,1.098247914233423,-960.8092601763658,7964.429325457754,0.05836660723731197,0.03846816041459992,28.622423302467162
73,73.0,6447663.2729276735,582901.576377565,1.1566145214707348,-970.268798175652,7963.546626078979,0.06123185742797828,0.04031063192977877,28.699540681127587
74,74.0,6446693.004129498,590865.123003644,1.217846378898713,-979.7273525462789,7962.650321618385,0.0642339699472751,0.04223637848998031,28.773279166405054
75,75.0,6445713.276776952,598827.7733252625,1.2820803488459882,-989.1848760076158,7961.740330686174,0.06737907285663244,0.044248373423940356,28.843584200057535
76,76.0,6444724.091900944,606789.5136559487,1.3494594217026206,-998.6413200417292,7960.81656918507,0.07067350708710123,0.0463496155004502,28.9104017643285
77,77.0,6443725.450580902,614750.3302251338,1.4201329287897217,-1008.0966348749243,7959.878950299734,0.07412382760424355,0.04854312027022474,28.97367829644234
78,78.0,6442717.353946027,622710.2091754335,1.4942567563939653,-1017.5507694622673,7958.927384495403,0.07773680388483045,0.05083191041496195,29.033360603968628
79,79.0,6441699.803176565,630669.1365599289,1.5719935602787958,-1027.003671475486,7957.961779526683,0.08151941963058239,0.053219005046074845,29.089395781151445
80,80.0,6440672.799505089,638627.0983394556,1.6535129799093782,-1036.4552872946751,7956.982040457553,0.08547887164010715,0.05570740789563748,29.141731126294612
81,81.0,6439636.344217795,646584.0803799131,1.7389918515494853,-1045.9055620042584,7955.988069693631,0.0896225677561942,0.05830009434324087,29.190314060298643
82,82.0,6438590.438655791,654540.0684496068,1.8286144193056795,-1055.354439393687,7954.979767027831,0.09395812380166794,0.060999997222995817,29.23509204641832
83,83.0,6437535.084216397,662495.0482166345,1.9225725431073475,-1064.8018619633792,7953.957029700588,0.0984933594132295,0.06380999135745395,29.276012511310096
84,84.0,6436470.282354434,670449.0052463352,2.021065902520577,-1074.2477709364337,7952.919752475837,0.1032362926790916,0.06673287676727607,29.31302276740939
85,85.0,6435396.034583498,678401.924998811,2.1243021951996686,-1083.692106276675,7951.86782773405,0.10819513348282905,0.06977136050884056,29.34606993665729
86,86.0,6434312.342477221,686353.7928265451,2.2324973286824976,-1093.1348067136132,7950.80114558355,0.11337827545278942,0.07292803709623402,29.375100875570844
87,87.0,6433219.207670507,694304.5939721286,2.345875604135287,-1102.5758097485975,7949.719593915603,0.11879429214182025,0.07620544801722354,29.400077497047338
88,88.0,6432116.631860758,702254.3135660442,2.4646698962771074,-1112.015051463699,7948.623057891851,0.12445197605068747,0.0796066842325861,29.42108590571296
89,89.0,6431004.616809295,710202.936623936,2.589121872327795,-1121.4524663985815,7947.511419636133,0.1303603622963443,0.08313517031426493,29.43827065655747
90,90.0,6429883.164342896,718150.4480435721,2.719482234624139,-1130.8879875191903,7946.384558193973,0.136528732103832,0.0867943807806727,29.451774071252064
91,91.0,6428752.2763553765,726096.8326017661,2.856010966727971,-1140.3215461861837,7945.242349492208,0.14296661629585747,0.09058784011301838,29.461736003131694
92,92.0,6427611.954809191,734042.0749512583,2.9989775830238283,-1149.753072122289,7944.084666296439,0.14968379895395245,0.09451912521958804,29.46829400074324
93,93.0,6426462.201737069,741986.1596175547,3.1486613819777807,-1159.1824933784153,7942.911378165879,0.1566903212840348,0.09859186836424656,29.471583463455246
94,94.0,6425303.01924369,749929.0709957206,3.3053517032618154,-1168.6097362983369,7941.7223514051475,0.16399648572168396,0.10280976059438783,29.471737789723832
95,95.0,6424134.409507392,757870.7933471258,3.469348188983499,-1178.0347254817457,7940.5174490124955,0.1716128603149703,0.10717655570405901,29.468888518497675
96,96.0,6422956.37478191,765811.3107961382,3.6409610492984696,-1187.4573837454539,7939.29653062396,0.1795502834252278,0.11169607476834828,29.4631654641456
97,97.0,6421768.917398165,773750.6073267622,3.8205113327236973,-1196.8776320825136,7938.059452452874,0.1878198687887255,0.11637221128533536,29.454696845200775
98,98.0,6420572.039766083,781688.6667792151,4.008331201512423,-1206.2953896190008,7936.8060672241445,0.19643301098475413,0.12120893696190985,29.44360940713718
99,99.0,6419365.744376464,789625.4728464392,4.204764212497177,-1215.7105735681941,7935.536224102672,0.2054013913582678,0.12621030818062778,29.430028539322592
100,100.0,6418150.033802896,797561.009070542,4.410165603855445,-1225.1230991818652,7934.249768615272,0.21473698444779168,0.13138047318409768,29.4140783862331
101,101.0,6416924.910703714,805495.2588391572,4.624902588303237,-1234.5328796983704,7932.946542565391,0.22445206497193446,0.13672368001420288,29.395881952960117
102,102.0,6415690.377824016,813428.2053817225,4.849354653275172,-1243.9398262872248,7931.626383939901,0.2345592154304939,0.14224428524383978,29.375561204994447
103,103.0,6414446.437997729,821359.8317656624,5.0839138687056655,-1253.343847989812,7930.289126807226,0.24507133437874215,0.1479467635381288,29.353237162237583
104,104.0,6413193.094149739,829290.1208924697,5.328985203084407,-1262.7448516558723,7928.934601206009,0.25600164543619336,0.1538357180838134,29.32902998715489
105,105.0,6411930.349298082,837219.0554936756,5.584986848520601,-1272.142741875383,7927.562633023496,0.2673637070938144,0.15991589192473782,29.303059066964313
106,106.0,6410658.206556207,845146.6181266991,5.852350555614415,-1281.5374209054319,7926.173043862791,0.279171423386379,0.16619218024256605,29.275443089734253
107,107.0,6409376.669135301,853072.7911705619,6.131521979000794,-1290.9287885916583,7924.765650898089,0.2914390554994106,0.1726696436219623,29.24630011425323
108,108.0,6408085.740346709,860997.55682146,6.422961034500205,-1300.3167422838185,7923.340266716972,0.3041812343829964,0.17935352234090124,29.215747633524803
109,109.0,6406785.423604425,868920.897088177,6.727142268883202,-1309.701176745009,7921.896699148797,0.31741297444759353,0.18624925172680462,29.18390263174302
110,110.0,6405475.72242768,876842.7937873258,7.044555243330795,-1319.0819840540562,7920.434751078203,0.3311496884199215,0.19336247862119316,29.150881634603408
111,111.0,6404156.640443626,884763.2285384041,7.375704931750717,-1328.459053500562,7918.954220242695,0.3454072034400175,0.20069907899579403,29.116800752816307
112,112.0,6402828.181390125,892682.1827586468,7.721112135190735,-1337.8322714720632,7917.454899013236,0.3602017784837044,0.20826517676575373,29.081775718696417
113,113.0,6401490.349118654,900599.6376576601,8.081313913674439,-1347.2015213327466,7915.936574156748,0.37555012319787734,0.2160671638455738,29.045921915725785
114,114.0,6400143.147597321,908515.5742318168,8.456864036872316,-1356.566683293125,7914.399026579367,0.3914694182394637,0.2241117214974836,29.00935440099682
115,115.0,6398786.580914028,916429.9732583961,8.84833345511178,-1365.9276342700596,7912.842031049265,0.40797733721233304,0.23240584302185205,28.972187920475125
116,116.0,6397420.653279758,924342.8152894455,9.256310792324113,-1375.284247736482,7911.265355897793,0.4250920703001365,0.24095685784320742,28.93453691703972
117,117.0,6396045.369032022,932254.0806453433,9.68140286262425,-1384.6363935601364,7909.668762697686,0.44283234969691493,0.24977245704788087,28.896515531286603
118,118.0,6394660.7326384615,940163.749408041,10.124235212321164,-1393.9839378306356,7908.052005916964,0.46121747694132414,0.25886072043150826,28.858237595114563
119,119.0,6393266.748700631,948071.801413958,10.585452689262487,-1403.3267426740877,7906.414832547174,0.4802673522646256,0.2682301451188739,28.81981661813794
120,120.0,6391863.421957957,955978.2162465052,11.065720041527113,-1412.6646660545136,7904.756981704506,0.5000025060671112,0.2778896758219473,28.78136576700366
121,121.0,6390450.757291902,963882.9732282097,11.565722547594223,-1421.997561561245,7903.0781842023025,0.5204441326423959,0.28784873680555045,28.74299783772305
122,122.0,6389028.759730341,971786.051412412,12.08616668023662,-1431.32527818144,7901.378162093387,0.5416141262741235,0.29811726563521973,28.70482522115738
123,123.0,6387597.434452159,979687.4295745053,12.627780806510742,-1440.6476600568276,7899.656628180586,0.563535119834981,0.30870574878546825,28.66695986183146
124,124.0,6386156.786792102,987587.086202686,13.191315926345723,-1449.964546223734,7897.913285493737,0.5862305260237675,0.31962525919395657,28.629513210271224
125,125.0,6384706.822245878,995484.9994881797,13.77754645236949,-1459.2757703354062,7896.147826731404,0.6097245813822554,0.33088749584931115,28.592596169102904
126,126.0,6383247.546475543,1003381.1473149111,14.387271033751746,-1468.5811603655914,7894.359933665459,0.6340423932402399,0.34250482551021594,28.55631903316401
127,127.0,6381778.965315177,1011275.5072485766,15.021313426991986,-1477.8805382922817,7892.54927650654,0.6592099897441148,0.354490326657554,28.520791423910577
128,128.0,6380301.084776885,1019168.0565250831,15.6805234167361,-1487.173719760475,7890.715513228396,0.6852543731317149,0.3668578357884231,28.486122218427273
129,129.0,6378813.911057125,1027058.7720383116,16.365777789867817,-1496.4605137227443,7888.85828884893,0.7122035764242363,0.3796219961706443,28.452419473360074
130,130.0,6377317.450543402,1034947.6303271605,17.077981366292054,-1505.7407220570046,7886.977234667378,0.7400867235877396,0.3927983073980962,28.419790279723056
131,131.0,6375811.709821344,1042834.6075618279,17.818068089879795,-1515.0141395121896,7885.071968321842,0.7689340267291868,0.40640223989123603,28.388308235282857
132,132.0,6374296.695681832,1050719.6795301498,18.587002116608982,-1524.2805543078962,7883.142095450616,0.7987766599107124,0.42044749871460063,28.357961069600176
133,133.0,6372772.415127524,1058602.8216256003,19.385778776519693,-1533.539748083795,7881.187209735954,0.8296467571304419,0.43494777157952796,28.32872263181162
134,134.0,6371238.87537944,1066484.0088353362,20.215425533650134,-1542.791495708642,7879.206892605196,0.8615774366461055,0.4499171002903936,28.300566740790124
135,135.0,6369696.083883732,1074363.2157279414,21.07700297029624,-1552.0355650859753,7877.20071292904,0.8946028255370582,0.4653698848424372,28.27346717620398
136,136.0,6368144.048318646,1082240.4164408704,21.971605795833298,-1561.2717169565708,7875.168226717201,0.9287580844851021,0.48132088728668393,28.247397669542497
137,137.0,6366582.776601689,1090115.5846675877,22.9003638803184,-1570.4997046977362,7873.108976811724,0.9640794327524491,0.49778523533505825,28.222331895321304
138,138.0,6365012.276896991,1097988.6936443993,23.86444331307085,-1579.7192741195438,7871.022492578202,1.000604173332865,0.5147784256756283,28.19824346267016
139,139.0,6363432.557622871,1105859.7161369775,24.865047486403714,-1588.930163258112,7868.9082895952315,1.038370718249667,0.5323163269668408,28.175105907489847
140,140.0,6361843.627459614,1113728.6244265728,25.90341820465338,-1598.132102166065,7866.765869342436,1.077418613971524,0.550415182474829,28.152892685352235
141,141.0,6360245.495357447,1121595.3902959153,26.980836818624905,-1607.3248127003149,7864.594718887429,1.117788566914365,0.5690916123189063,28.13157716529469
142,142.0,6358638.170544747,1129459.9850148028,28.09862538553927,-1616.5080083073321,7862.3943105721155,1.1595224689945671,0.5883626152836645,28.111132624646196
143,143.0,6357021.6625364395,1137322.379325375,29.258147854533835,-1625.6813938060861,7860.1641016988,1.2026634231955982,0.6082455701579335,28.091532244996653
144,144.0,6355395.981142634,1145182.5434270739,30.460811277729434,-1634.8446651688628,7857.903534216549,1.2472557691068293,0.628758236554583,28.07274910940439
145,145.0,6353761.136477465,1153040.4469612904,31.708067046836263,-1643.9975093001854,7855.61203440836,1.2933451083898617,0.649918755166137,28.054756200911413
146,146.0,6352117.138968165,1160896.0589956988,33.00141215522613,-1653.139603814093,7853.289012579683,1.34097833012394,0.6717456474059786,28.037526402417285
147,147.0,6350463.999364351,1168749.3480082785,34.342390485350066,-1662.270616810051,7850.93386274892,1.3902036359782777,0.6942578143848342,28.021032497939384
148,148.0,6348801.728747541,1176600.2818710275,35.73259412132835,-1671.390206647795,7848.545962340544,1.4410705651551046,0.7174745351688316,28.005247175267748
149,149.0,6347130.338540893,1184448.827833368,37.17366468648345,-1680.4980217214454,7846.1246718815655,1.4936300190431333,0.7414154642639064,27.990143030002617
150,150.0,6345449.840519171,1192294.9525052495,38.66729470552658,-1689.593700233245,7843.669334702067,1.5479342855169413,0.7661006282700117,27.97569257094469
151,151.0,6343760.246818938,1200138.6218399515,40.21522899104352,-1698.6768699673155,7841.179276640643,1.6040370628132463,0.7915504216442535,27.96186822679211
152,152.0,6342061.569948971,1207979.8011165923,41.819266053856765,-1707.7471480638478,7838.653805755588,1.661993482910771,0.8177856015152632,27.948642354081382
153,153.0,6340353.822800907,1215818.4549223478,43.48125953676754,-1716.8041407941853,7836.0922120427385,1.7218601343357358,0.8448272814857484,27.93598724629782
154,154.0,6338637.018660113,1223654.5471343906,45.20311967110327,-1725.8474433372821,7833.493767160945,1.7836950843102113,0.872696924358088,27.92387514407118
155,155.0,6336911.171216776,1231488.0409015515,46.986814755413484,-1734.8766395580583,7830.8577241661815,1.8475579001560325,0.9014163337215336,27.912278246359893
156,156.0,6335176.294577218,1239318.8986257177,48.83437265556952,-1743.8913017882087,7828.183317255379,1.9135096698621936,0.9310076443359566,27.901168722523302
157,157.0,6333432.403275429,1247147.0819429732,50.74788232543171,-1752.8909906100532,7825.46976152109,1.9816130217186403,0.9614933112438103,27.890518725176523
158,158.0,6331679.512284819,1254972.5517044943,52.72949534715035,-1761.8752546440605,7822.7162527182,2.0519321429147555,0.9928960975472034,27.880300403718433
159,159.0,6329917.637030175,1262795.2679572124,54.781427490065106,-1770.8436303407066,7819.921967043898,2.1245327969958487,1.0252390607816229,27.87048591842486
160,160.0,6328146.793399834,1270615.1899242564,56.90596028706096,-1779.7956417773719,7817.086060932214,2.199482340066311,1.0585455378223365,27.861047454998353
161,161.0,6326366.997758057,1278432.2759851885,59.10544262712727,-1788.7308004610184,7814.2076708644745,2.276849735623117,1.0928391282546326,27.85195723947147
162,162.0,6324578.266957596,1286246.483656053,61.382292362750384,-1797.6486051374213,7811.285913197068,2.3567055678988855,1.1281436761458106,27.843187553362775
163,163.0,6322780.618352459,1294057.76956925,63.73899793064927,-1806.5485416077775,7808.319884007995,2.439122053588834,1.1644832501509028,27.834710748993032
164,164.0,6320974.0698108515,1301866.089453258,66.17811998423811,-1815.4300825535408,7805.308658963686,2.524173051831739,1.2018821218928923,27.8264992648746
165,165.0,6319158.6397282975,1309671.3981122219,68.70229303606985,-1824.2926873703802,7802.251293207667,2.6119340723102447,1.2403647425499005,27.818525641096702
166,166.0,6317334.347040927,1317473.6494054296,71.3142271083801,-1833.1358020121934,7799.1468212726595,2.7024822813321934,1.2799557175971743,27.81076253463609
167,167.0,6315501.211238915,1325272.7962267022,74.01670938971229,-1841.9588588461384,7795.994257017778,2.7958965057498846,1.3206797796352603,27.803182734534726
168,168.0,6313659.252380069,1333068.79048372,76.81260589546217,-1850.7612765196975,7792.792593592512,2.8922572345710797,1.3625617592594053,27.795759176891657
169,169.0,6311808.4911035495,1340861.5830773124,79.70486313003325,-1859.5424598408072,7789.5408034292195,2.9916466181115133,1.4056265539102264,27.78846495962851
170,170.0,6309948.948643709,1348651.1238807417,82.69650974814476,-1868.3017996721326,7786.237838265924,3.094148464535635,1.4498990946601351,27.781273356994916
171,171.0,6308080.646844037,1356437.3617190076,85.7906582126804,-1877.038672840599,7782.882629201199,3.199848233629108,1.4954043108864166,27.774157833788585
172,172.0,6306203.608171197,1364220.244348209,88.99050644630951,-1885.7524420633172,7779.474086782978,3.3088330276443148,1.5421670927943734,27.767092059271203
173,173.0,6304317.855729133,1371999.7184349918,92.29933947395382,-1894.4424558910775,7776.011101133159,3.4211915790576435,1.590212251750017,27.76004992076808
174,174.0,6302423.413273241,1379775.729536125,95.72053105301147,-1903.1080486706123,7772.492542109869,3.537014235075719,1.6395644783934407,27.753005536943316
175,175.0,6300520.30522457,1387548.222078235,99.25754528808719,-1911.748540526851,7768.917259509286,3.656392938726231,1.6902482985039755,27.745933270746633
176,176.0,6298608.556684043,1395317.139337744,102.91393822681341,-1920.3632373664154,7765.284083308932,3.779421206368732,1.7422880266049263,27.738807742030563
177,177.0,6296688.193446677,1403082.423421053,106.69335943318215,-1928.9514309036272,7761.591823954316,3.906194101460135,1.7957077172890983,27.73160383983931
178,178.0,6294759.242015773,1410844.0152450074,110.59955353464228,-1937.5123987103077,7757.839272690852,4.036808204410288,1.8505311142638725,27.724296734373326
179,179.0,6292821.729617063,1418601.8545176983,114.63636173905257,-1946.0443640304043,7754.023003505697,4.1715338456317355,1.9092198536815186,27.70901698226241
180,180.0,6290875.6852530325,1426355.877521204,118.8078955846843,-1954.5475810848225,7750.143900162606,4.3103036593565855,1.9669978926705822,27.701712390625044
181,181.0,6288921.1376719475,1434106.0214213666,123.1181992440409,-1963.021283986773,7746.200695833515,4.453218783494357,2.0262518157693865,27.6942315767113
182,182.0,6286958.1163879605,1441852.2221172,127.57141802753526,-1971.4646931346108,7742.192106257949,4.600381713683188,2.0870036292442142,27.686550457996987
183,183.0,6284986.651694826,1449594.414223458,132.17179974121845,-1979.8770154026356,7738.116830334648,4.751896250724266,2.1492747338423794,27.6786452998194
184,184.0,6283006.774679423,1457332.5310537925,136.9236959919427,-1988.2574443638027,7733.973550769827,4.907867443126503,2.213085859977164,27.670492725848142
185,185.0,6281018.517235059,1465066.5046045622,141.8315634350692,-1996.6051605456253,7729.760934783686,5.068401524621198,2.2784570008621947,27.662069728410696
186,186.0,6279021.912074514,1472796.2655393458,146.8999649596904,-2004.919331720524,7725.477634876744,5.2336058465139175,2.3454073436780267,27.653353678724795
187,187.0,6277016.992742794,1480521.7431742225,152.13357080620432,-2013.199113231853,7721.122289657435,5.403588804749264,2.4139551988666677,27.644322337091456
188,188.0,6275003.793629562,1488242.86546388,157.53715961095358,-2021.4436483567838,7716.693524732334,5.57845976157461,2.4841179276756025,27.634953863096836
189,189.0,6272982.349981205,1495959.5589886121,163.1156193725282,-2029.6520687071827,7712.189953660215,5.7583289616993865,2.555911868072465,27.625226825864488
190,190.0,6270952.697912497,1503671.7489422723,168.87394833422758,-2037.8234946695661,7707.610178971064,5.94330744285888,2.62935225917695,27.615120214387264
191,191.0,6268914.874417827,1511379.3591212432,174.81725577708644,-2045.9570358851404,7702.952793250949,6.133506940705484,2.704453164376698,27.604613447955295
192,192.0,6266868.917381942,1519082.3119144943,180.95076271779192,-2054.0517917708735,7698.216380293568,6.329039787964601,2.7812273932979164,27.59368638668561
193,193.0,6264814.865590171,1526780.5282947877,187.27980250575652,-2062.10685208245,7693.399516319043,6.530018807808965,2.8596864228307806,27.582319342149784
194,194.0,6262752.758738088,1534473.927811107,193.8098213135655,-2070.1212975198728,7688.500771260382,6.73655720142252,2.9398403174215693,27.570493088091645
195,195.0,6260682.637440569,1542162.4285823673,200.54637851498802,-2078.0942003763716,7683.518710117812,6.948768429744013,3.0216976488639893,27.558188871225887
196,196.0,6258604.543240192,1549845.947292485,207.49514694473203,-2086.0246252311695,7678.451894380943,7.16676608940022,3.1052654158327715,27.545388422110594
197,197.0,6256518.518614961,1557524.399186866,214.66191303413225,-2093.9116296865213,7673.2988835185315,7.3906637828606385,3.190548963431306,27.532073966088056
198,198.0,6254424.606985275,1565197.6980703843,222.05257681699288,-2101.754265149324,7668.058236535306,7.6205749828678115,3.277551903030534,27.518228234290778
199,199.0,6252322.852720126,1572865.7563069197,229.6731517998607,-2109.5515776574407,7662.728513595093,7.856612891222,3.36627603270715,27.503834474708036
200,200.0,6250213.301142468,1580528.484820515,237.5297646910827,-2117.302608750737,7657.308277709197,8.098890292023311,3.4567212585862808,27.488876463307914
201,201.0,6248095.998533717,1588185.793098224,245.628654983106,-2125.006396386659,7651.796096488672,8.347519399501335,3.5488855174302616,27.473338515204343
202,202.0,6245970.992137331,1595837.5891947127,253.97617438260733,-2132.6619759000155,7646.190543958866,8.602611700589343,3.64276470081518,27.45720549585617
203,203.0,6243838.330161431,1603483.7797386716,262.5787860831967,-2140.2683810064414,7640.490202434252,8.864277792428327,3.7383525812558607,27.440462832279955
204,204.0,6241698.061780425,1611124.269941106,271.443063875625,-2147.8246448488303,7634.693664451284,9.132627215015532,3.8356407406556383,27.423096524254383
205,205.0,6239550.237135576,1618758.9636055573,280.57569109064053,-2155.3298010858366,7628.79953475667,9.407768279241582,3.9346185014605295,27.405093155490917
206,206.0,6237394.907334491,1626387.763140314,289.9834593698821,-2162.782885021325,7622.8064323480885,9.689807890590872,4.035272860913467,27.38643990474147
207,207.0,6235232.124449469,1634010.569572662,299.673267260473,-2170.1829347734483,7616.712992564089,9.978851368810773,4.1375884288117994,27.367124556811113
208,208.0,6233061.941514696,1641627.282565226,309.65211862928373,-2177.528992481811,7610.517869219519,10.275002263886181,4.241547369173667,27.347135513440822
209,209.0,6230884.412522214,1649237.8004344455,319.9271208931699,-2184.8201055509653,7604.2197367824965,10.57836216868661,4.347129346217802,27.326461804023385
210,210.0,6228699.592416664,1656842.020171228,330.5054830618565,-2192.055327928237,7597.8172925886,10.889030528685124,4.454311475084218,27.30509309611109
211,211.0,6226507.537088735,1664439.8374638166,341.39451359054164,-2199.2337214136865,7591.309259087601,11.207104449177736,4.563068277687268,27.28301970567434
212,212.0,6224308.303367321,1672031.1467229042,352.60161803971937,-2206.3543569997473,7584.694386117711,11.53267850046335,4.673371644127095,27.260232607065277
213,213.0,6222101.949010322,1679615.8411090218,364.13429654018273,-2213.4163162378845,7577.971453202016,11.86584452147221,4.785190800038475,27.236723442641154
214,214.0,6219888.532694084,1687193.8125622238,376.0001410616549,-2220.4186926293764,7571.13927186142,12.20669142236065,4.898492280289085,27.21248453199803
215,215.0,6217668.114001454,1694764.9518340852,388.2068324840156,-2227.3605930370977,7564.196687938112,12.555304986616111,5.013239909391634,27.18750888076552
216,216.0,6215440.753408417,1702329.1485220233,400.7621374706317,-2234.241139114979,7557.142583923306,12.911767673241824,5.129394788990238,27.161790188911837
217,217.0,6213206.512269302,1709886.2911059468,413.6739051438735,-2241.0594687515977,7549.975881282694,13.276158419615106,5.246915292774323,27.13532285850618
218,218.0,6210965.4528005505,1717436.2669872295,426.95006356348864,-2247.8147375241538,7542.695542772809,13.648552445634467,5.3657570691326395,27.10810200088605
219,219.0,6208717.638063027,1724978.9625300022,440.59861600912313,-2254.5061201588983,7535.3005747412835,14.029021059790383,5.485873051844528,27.080123443175946
220,220.0,6206463.131942867,1732514.2631047436,454.62763706891354,-2261.1328119939008,7527.79002940375,14.417631467811539,5.607213479073641,27.05138373410408
221,221.0,6204201.999130873,1740042.0531341473,469.0452685367251,-2267.694030439877,7520.163007089977,14.814446584553114,5.729725920905776,27.021880149062845
222,222.0,6201934.3051004335,1747562.2161412372,483.8597151212782,-2274.1890164346532,7512.418658451694,15.21952484980377,5.853355315613096,26.991610694361828
223,223.0,6199660.116083999,1755074.6347996888,499.07923997108196,-2280.616598388458,7504.5553687064985,15.63298445967798,5.978973830485728,26.960589900199782
224,224.0,6197379.499485611,1762579.1901683954,514.71222443076,-2286.976400053328,7496.573017551905,16.05482532023457,6.104884988377338,26.928841471269077
225,225.0,6195092.523085558,1770075.7631859472,530.7670497509946,-2293.2677274452285,7488.470894056309,16.48509335863943,6.231761645617566,26.896363268243817
226,226.0,6192799.255358113,1777564.2340800036,547.2521431096341,-2299.489911658763,7480.248338458416,16.923829924364107,6.35954728037048,26.863170693034643
227,227.0,6190499.765446454,1785044.482418462,564.1759730339982,-2305.642310013482,7471.904743758209,17.37107165778113,6.488183426552831,26.82927907284235
228,228.0,6188194.123136441,1792516.3871622202,581.5470446917793,-2311.7243071784324,7463.439557250964,17.826850364392453,6.617609733790618,26.794703660798888
229,229.0,6185882.398829263,1799979.8267194713,599.3738950561718,-2317.7353162717795,7454.852281999509,18.291192895125754,6.747764033067957,26.7594596363103
230,230.0,6183564.663512991,1807434.6790014708,617.6650879512976,-2323.674779932345,7446.142478240087,18.764121033123697,6.878582407993786,26.723562105109014
231,231.0,6181240.988733059,1814880.821479711,636.4292089844213,-2329.5421713599103,7437.309764717182,19.245651387441978,7.009999271620468,26.6870260990197
232,232.0,6178911.446561699,1822318.1312444282,655.6748603718632,-2335.336995321155,7428.35381994282,19.735795294059876,7.141947448711813,26.64986657544517
233,233.0,6176576.1095663775,1829746.485064371,675.4106556659232,-2341.0587891181344,7419.274383376008,20.234558724591093,7.274358263309946,26.61209841658134
234,234.0,6174235.050777259,1837165.7594477471,695.6452143905143,-2346.707123516263,7410.071256518062,20.741942203067815,7.407161631468108,26.573736428367084
235,235.0,6171888.343653743,1844575.8307042653,716.3871565935821,-2352.281603628811,7400.744303919817,21.25794073115206,7.540286158963398,26.53479533917786
236,236.0,6169536.062050114,1851976.575008185,737.6450973247341,-2357.781869755009,7391.293454096827,21.782543722109303,7.673659243805228,26.495289798270143
237,237.0,6167178.280180359,1859367.868462282,759.4276410468434,-2363.2075981689477,7381.718700348937,22.315734943855713,7.807207183291141,26.455234373988436
238,238.0,6164815.07258219,1866749.5871626309,781.7433759906991,-2368.5585018565357,7372.0201014807635,22.857492471369582,7.94085528540641,26.414643551739815
239,239.0,6162446.5140803335,1874121.6072641115,804.6008684620687,-2373.834331197932,7362.197782419933,23.40778864872926,8.07452798425992,26.373531731750504
240,240.0,6160072.679749136,1881483.8050465314,828.0086571107979,-2379.0348745929446,7352.251934730114,23.966590061016465,8.208148959317336,26.331913226609366
241,241.0,6157693.644874543,1888836.0569812616,851.9752471718144,-2384.159959027074,7342.182817016223,24.533857516292834,8.341641258086845,26.289802258613108
242,242.0,6155309.484915516,1896178.2397982778,876.5091046881073,-2389.2094505759833,7331.9907552193945,25.109546037830363,8.474927421968886,26.247212956920126
243,243.0,6152920.275464941,1903510.2305534973,901.6186507259376,-2394.1832548463767,7321.676142799675,25.6936048667442,8.607929614906814,26.204159354526436
244,244.0,6150526.092210094,1910831.906696297,927.3122555926818,-2399.0813173514034,7311.239440804677,26.28597747514567,8.740569754502069,26.160655385072612
245,245.0,6148127.010892743,1918143.1461371016,953.5982330678276,-2403.9036238189055,7300.68117782275,26.886601589900184,8.872769645214726,26.116714879494268
246,246.0,6145723.107268924,1925443.8273149242,980.4848346577278,-2408.650200431011,7290.001949819591,27.49540922704109,9.004451113266727,26.072351562527242
247,247.0,6143314.457068493,1932733.8292647437,1007.9802438847689,-2413.3211139937616,7279.2024198575045,28.112326736857522,9.135536142868004,26.027579049077776
248,248.0,6140901.135954499,1940013.0316846012,1036.0925706216265,-2417.9164720356875,7268.283317696941,28.737274859638138,9.265947013339908,25.982410840471758
249,249.0,6138483.219482464,1947281.3150022982,1064.8298454812646,-2422.4364228344184,7257.245439280214,29.370168792020618,9.395606436766036,25.936860320590238
250,250.0,6136060.78305963,1954538.5604415785,1094.2000142732852,-2426.8811553706832,7246.089646097736,30.01091826385811,9.524437695698055,25.8909407519091
251,251.0,6133633.901904259,1961784.6500876762,1124.2109325371432,-2431.250899209221,7234.8168644373945,30.6594276254832,9.652364780560335,25.844665271447642
252,252.0,6131202.651005049,1969019.4669521137,1154.8703601626264,-2435.5459243063897,7223.428084518117,31.31559594521145,9.7793125262714,25.798046886644343
253,253.0,6128767.105080742,1976242.8950366317,1186.185956107838,-2439.766540744454,7211.924359508965,31.97931711689629,9.90520674772161,25.75109847116478
254,254.0,6126327.338539998,1983454.8193961408,1218.1652732247342,-2443.9130983927844,7200.306804435502,32.650479977310226,10.029974373636161,25.703832760658607
255,255.0,6123883.425441605,1990655.1262005763,1250.8157532020443,-2447.9859864964155,7188.5765949755105,33.328968433096406,10.153543578439493,25.656262348474026
256,256.0,6121435.439455109,1997843.7027955519,1284.1447216351407,-2451.9856331926276,7176.734966146453,34.014661597002885,10.275843911711968,25.60839968134048
257,257.0,6118983.453821916,2005020.4377616984,1318.1593832321437,-2455.912504956475,7164.783210887458,34.70743393307894,10.396806424807698,25.560257055034217
258,258.0,6116527.54131696,2012185.220972586,1352.8668171652225,-2459.767105976357,7152.722678538859,35.407155410487356,10.516363794300302,25.511846610031487
259,259.0,6114067.774210984,2019337.9436511248,1388.2739725757099,-2463.5499774609843,7140.55477322272,36.11369166555403,10.634450441814526,25.463180327166477
260,260.0,6111604.224233523,2026478.4984243475,1424.3876642412638,-2467.261696879285,7128.280952127981,36.826904171653574,10.751002649933776,25.414270023298883
261,261.0,6109136.962536644,2033606.7793764754,1461.2145684129173,-2470.902877135006,7115.902723704232,37.546650416502146,10.865958673796706,25.36512734700523
262,262.0,6106666.059659509,2040722.6821001796,1498.7612188294195,-2474.4741656779643,7103.421645768321,38.272784086406816,10.979258848067039,25.315763774301892
263,263.0,6104191.585493831,2047826.1037459478,1537.0340029158262,-2477.9762435540842,7090.839323528298,39.00515525700049,11.090845688976477,25.26619060440843
264,264.0,6101713.609250277,2054916.9430694762,1576.0391581728268,-2481.4098243965495,7078.157407529426,39.7436105899702,11.200663991112979,25.21641895556398
265,265.0,6099232.199425881,2061995.1004770056,1615.7827687627969,-2484.7756533605598,7065.377591527159,40.487993535272246,11.30866091872629,25.16645976090138
266,266.0,6096747.42377252,2069060.4780685327,1656.270762298069,-2488.074506004344,7052.501610292266,41.238144538310685,11.414786091265382,25.11632376439138
267,267.0,6094259.349266516,2076112.979678825,1697.5089068363798,-2491.307187119235,7039.531237353371,41.993901251544386,11.518991662944291,25.06602151686352
268,268.0,6091768.042079397,2083152.5109161783,1739.5028080879242,-2494.4745295117386,7026.468282682372,42.75509874997743,11.621232396130385,25.015563372111984
269,269.0,6089273.567549885,2090178.9791988607,1782.2579068379016,-2497.577392740659,7013.314590328339,43.52156974997955,11.721465728381895,24.964959483094393
270,270.0,6086775.990157144,2097192.293789189,1825.7794765878812,-2500.616661812458,7000.072036005586,44.29314483087728,11.819651832973603,24.91421979823212
271,271.0,6084275.373495332,2104192.3658251944,1870.0726214187584,-2503.5932458380953,6986.7425246416515,45.069652658755615,11.915753672829622,24.863354057815215
272,272.0,6081771.780249494,2111179.108349836,1915.142274077514,-2506.50807665473,6973.327987891112,45.85092021190425,12.009737047693262,24.812371790526157
273,273.0,6079265.272172839,2118152.436337727,1960.9931942894182,-2509.362107415674,6959.83038162102,46.636773007350264,12.101570634558898,24.761282310079892
274,274.0,6076755.910065424,2125112.2667193483,2007.6299672967684,-2512.156311152092,6946.251683373931,47.427035327916315,12.191226021233645,24.710094711995012
275,275.0,6074243.753754271,2132058.518402722,2055.0570026246846,-2514.8916793099456,6932.593889814368,48.221530449254615,12.278677733088333,24.65881787049488
276,276.0,6071728.862074961,2138991.1122925365,2103.2785330739393,-2517.5692202657333,6918.85901416459,49.02008086631197,12.363903252967749,24.607460435548262
277,277.0,6069211.292854696,2145909.971306701,2152.2986139402515,-2520.1899578245693,6905.0490836354975,49.822508518691265,12.446883034297342,24.556030830054638
278,278.0,6066691.102896871,2152815.020390337,2202.121122458943,-2522.7549297041537,6891.166136858373,50.62863501438902,12.527600507482834,24.50453724717603
279,279.0,6064168.347967166,2159706.1865271954,2252.749757473332,-2525.2651860081637,6877.212221323129,51.43828185140024,12.606042079653717,24.452987647823313
280,280.0,6061643.082781158,2166583.3987485184,2304.1880393247325,-2527.7217876925674,6863.189390828584,52.25127063669895,12.682197127886123,24.401389758298908
281,281.0,6059115.360993465,2173446.588139347,2356.4393099614313,-2530.1258050283263,6849.099702950165,53.0674233021192,12.75605798602325,24.349751068101586
282,282.0,6056585.235188437,2180295.687842297,2409.5067332635504,-2532.478316063887,6834.94521653029,53.88656231668164,12.82761992527031,24.298078827894585
283,283.0,6054052.756872373,2187130.6330588274,2463.393295580232,-2534.7804050907953,6820.7279891965045,54.70851089492955,12.896881128719457,24.246380047642614
284,284.0,6051517.976467282,2193951.3610480237,2518.1018064751615,-2537.0331611156994,6806.45007491229,55.533093200861025,12.963842660016162,24.194661494918986
285,285.0,6048980.943306166,2200757.811122936,2573.6348996760225,-2539.2376763419056,6792.113521565233,56.36013454706643,13.028508426378812,24.142929693385817
286,286.0,6046441.705629824,2207549.9246445014,2629.995034223089,-2541.3950446635617,6777.720368597057,57.189461588703466,13.090885136191927,24.091190921450245
287,287.0,6043900.31058516,2214327.6450130986,2687.1844958117927,-2543.506360175426,6763.2726446798015,58.020902511967165,13.150982251427145,24.03945121109811
288,288.0,6041356.804224985,2221090.9176577786,2745.2053983237597,-2545.5727157010638,6748.772365442165,58.85428721673859,13.208811935165054,23.98771634690497
289,289.0,6038811.231509284,2227839.6900232206,2804.0596855404983,-2547.595201342191,6734.221531249836,59.68944749311972,13.264388994460177,23.935991865228488
290,290.0,6036263.636307942,2234573.9115544707,2863.749133033618,-2549.5749030517563,6719.622125043347,60.52621719158971,13.31773081884935,23.88428305358144
291,291.0,6033714.06140489,2241293.533679514,2924.2753502252076,-2551.5129012331977,6704.9761102367665,61.36443238654438,13.368857314796285,23.832594950185463
292,292.0,6031162.548503657,2247998.509789751,2985.639782611752,-2553.410269368189,6690.285428680225,62.20393153300678,13.417790836359192,23.78093234370674
293,293.0,6028609.138234288,2254688.795218431,3047.8437141447585,-2555.26807267502,6675.551998689087,63.04455561632403,13.464556112393577,23.729299773172762
294,294.0,6026053.870161613,2261364.34721712,3110.8882697610825,-2557.087366799625,6660.777713142237,63.88614829469189,13.509180170593654,23.677701528069825
295,295.0,6023496.782794814,2268025.1249302626,3174.7744180557743,-2558.8691965411017,6645.964437651741,64.7285560343743,13.551692258671011,23.626141648621584
296,296.0,6020937.913598273,2274671.0893679145,3239.5029740901487,-2560.614594613403,6631.114008805807,65.5716282375135,13.59212376302153,23.574623926243834
297,297.0,6018377.29900366,2281302.20337672,3305.074602327662,-2562.324580444753,6616.228232486784,66.41521736244846,13.630508125134128,23.52315190417911
298,298.0,6015814.974423215,2287918.431609207,3371.4898196901104,-2564.0001590161482,6601.3088822656,67.25917903648642,13.666880756087211,23.471728878305907
299,299.0,6013250.974264199,2294519.7404914727,3438.7489987265967,-2565.642319740162,6586.3576978738265,68.10337216109669,13.701278949437514,23.4203578981206
300,300.0,6010685.331944459,2301106.0981893465,3506.8523708876933,-2567.252035381106,6571.376383754265,68.94765900951866,13.733741792792896,23.369041767890216
301,301.0,6008118.079909078,2307677.474573101,3575.800029897212,-2568.8302610174637,6556.366607690732,69.79190531679798,13.764310078352354,23.317783047974665
302,302.0,6005549.249648061,2314233.8411807916,3645.59193521401,-2570.3779330473258,6541.329999517446,70.63598036228879,13.793026212739957,23.266584056311817
303,303.0,6002978.871715013,2320775.1711803093,3716.2279155762985,-2571.895968237443,6526.268149908212,71.47975704467765,13.819934126362641,23.215446870066664
304,304.0,6000406.975746775,2327301.4393302174,3787.707672620976,-2573.3852628163327,6511.18260924532,72.32311194960752,13.845079182618756,23.164373327436234
305,305.0,5997833.590483959,2333812.6219394626,3860.030784570584,-2574.8466916117504,6496.074886567923,73.16592540999669,13.868508087177743,23.113365029609966
306,306.0,5995258.743792347,2340308.6968260305,3933.1967099805806,-2576.2811072326995,6480.9464485993785,74.00808155916523,13.890268797595335,23.06242334288063
307,307.0,5992682.462685114,2346789.64327463,4007.2047915397457,-2577.6893392960014,6465.798718852888,74.84946837689942,13.910410433525644,23.011549400899437
308,308.0,5990104.773345818,2353255.441993483,4082.054259916645,-2579.072193697344,6450.633076814539,75.68997772859787,13.928983187732053,22.96074410707338
309,309.0,5987525.701152121,2359706.0750702973,4157.744237645243,-2580.430451926577,6435.4508572027125,76.5295053976578,13.946038238128473,22.91000813709884
310,310.0,5984945.270700194,2366141.5259275,4234.273743042901,-2581.764870426925,6420.253349302597,77.36795111127375,13.961627661067121,22.859341941625484
311,311.0,5982363.505829767,2372561.7792768027,4311.641694154175,-2583.076179997676,6405.041796374461,78.20521855982946,13.975804346027443,22.80874574904882
312,312.0,5979780.429649769,2378966.8210731773,4389.846912714004,-2584.3650852397805,6389.817395134114,79.04121541007832,13.988621911945692,22.758219568420618
313,313.0,5977196.06456453,2385356.638468311,4468.888128124083,-2585.6322640437197,6374.581295303905,79.87585331231325,14.000134625294002,22.707763192477024
314,314.0,5974610.432300486,2391731.219763615,4548.7639814363965,-2586.8783671188985,6359.334599232469,80.70904790173644,14.010397320090979,22.657376200776216
315,315.0,5972023.553933367,2398090.5543628475,4629.473029338133,-2588.1040175637313,6344.078361581301,81.54071879424652,14.019465319987201,22.607057962939784
316,316.0,5969435.449915803,2404434.6327244285,4711.013748132379,-2589.3098104755195,6328.813589076162,82.37078957686576,14.027394362535649,22.556807641993306
317,317.0,5966846.140105328,2410763.4463135046,4793.384537709245,-2590.4963125991353,6313.54124032122,83.19918779303467,14.034240525772468,22.506624197799628
318,318.0,5964255.643792729,2417076.9875538256,4876.58372550228,-2591.664062013478,6298.262225673752,84.02584492300473,14.040060157195734,22.456506390579918
319,319.0,5961663.979730715,2423375.249779499,4960.609570425285,-2592.8135678545896,6282.977407177158,84.85069635956398,14.044909805257772,22.406452784514425
320,320.0,5959071.166162861,2429658.227186676,5045.4602667848485,-2593.945310074282,6267.687598549997,85.67368137932914,14.04884615340328,22.356461751420806
321,321.0,5956477.220852787,2435925.9147852263,5131.133948164178,-2595.0597392330747,6252.3935652287,86.49474310984142,14.051925956759565,22.306531474500463
322,322.0,5953882.161113554,2442178.308350455,5217.62869127402,-2596.1572763262043,6237.096024461576,87.31382849270057,14.054205981490634,22.256659952150716
323,323.0,5951286.003837228,2448415.4043749166,5304.942519766721,-2597.238312641425,6221.795645451706,88.13088824297303,14.055742946898715,22.206845001833265
324,324.0,5948688.765524587,2454637.200020368,5393.073408009694,-2598.3032096473207,6206.493049546296,88.94587680510537,14.056593470246483,22.15708426399828
325,325.0,5946090.462314939,2460843.6930699144,5482.019284814799,-2599.352298910779,6191.188810470061,89.75875230557477,14.056814014379157,22.107375206053348
326,326.0,5943491.110016028,2467034.8818803844,5571.7780371203735,-2600.3858820423125,6175.883454600204,90.56947650250244,14.056460838101813,22.057715126376618
327,327.0,5940890.724133986,2473210.7653349848,5662.347513622876,-2601.404230667868,6160.577461280564,91.37801473245355,14.05558994934471,22.008101158365953
328,328.0,5938289.319903318,2479371.342796265,5753.7255283553295,-2602.4075864257698,6145.271263172525,92.18433585464236,14.054257061091796,21.958530274520527
329,329.0,5935686.912316892,2485516.6140594375,5845.909864209972,-2603.3961609874436,6129.965246640291,92.98841219275572,14.052517550051997,21.908999290549836
330,330.0,5933083.516155905,2491646.5793060777,5938.898276402727,-2604.3701361005697,6114.6597521681815,93.79021947460384,14.050426418055697,21.859504869505272
331,331.0,5930479.146019804,2497761.239058246,6032.688495877331,-2605.329663653316,6099.355074807612,94.58973676980021,14.048038256135353,21.81004352592978
332,332.0,5927873.816356151,2503860.5941330534,6127.278232647131,-2606.2748657583206,6084.051464651474,95.38694642566716,14.045407211255245,21.76061163002153
333,333.0,5925267.541490393,2509944.6455977047,6222.665179072797,-2607.2058348551172,6068.749127333704,96.18183400155525,14.042586955613137,21.711205411809708
334,334.0,5922660.335655537,2516013.394725038,6318.847013074353,-2608.1226338296815,6053.448224551808,96.97438820176127,14.039630658530827,21.661820965333057
335,335.0,5920052.213021708,2522066.84294959,6415.821401276114,-2609.0252961498522,6038.148874610269,97.76460080721772,14.036590960777186,21.612454252825923
336,336.0,5917443.187725558,2528104.9918242004,6513.586002083332,-2609.9138260153454,6022.851152982703,98.55246660612414,14.033519951358663,21.56310110890025
337,337.0,5914833.273899542,2534127.842977183,6612.138468689455,-2610.7881985211693,6007.555092890811,99.33798332367898,14.030469146624558,21.513757244727877
338,338.0,5912222.485701021,2540135.3980700737,6711.476452013134,-2611.648359833218,5992.260685898135,100.12115155106635,14.027489471685847,21.46441825221452
339,339.0,5909610.8373411875,2546127.658755972,6811.597603564201,-2612.494227374911,5976.967882516776,100.90197467384128,14.02463124400938,21.4150796081686
340,340.0,5906998.343113813,2552104.626638489,6912.499578238042,-2613.325690023739,5961.676592825248,101.68045879985192,14.021944159158831,21.365736678458386
341,341.0,5904385.017423789,2558066.3032313143,7014.180037037894,-2614.1426083166198,5946.3866870957345,102.45661268682821,14.019477278588672,21.31638472215725
342,342.0,5901770.874815472,2564012.68991841,7116.636649724723,-2614.944814663039,5931.097996429094,103.23044766975752,14.017279019378657,21.26701889567763
343,343.0,5899155.930000809,2569943.787914839,7219.86709739448,-2615.732113564937,5915.810313396024,104.00197758816194,14.015397145866475,21.217634256889603
344,344.0,5896540.197887244,2575859.5982282353,7323.869074982642,-2616.5042818423935,5900.523392682871,104.77121871338295,14.01387876307202,21.16822576922418
345,345.0,5893923.693605402,2581760.121620918,7428.640293696025,-2617.2610688641616,5885.236951740655,105.53818967597164,14.012770311822113,21.118788305762003
346,346.0,5891306.432536538,2587645.3585726586,7534.178483371997,-2618.0021967821863,5869.95067143594,106.302911393275,14.012117565498444,21.069316653305584
347,347.0,5888688.4303397555,2593515.3092440944,7640.481394765272,-2618.7273607692414,5854.664196702295,107.06540699730166,14.011965628319164,21.01980551643573
348,348.0,5886069.702978986,2599369.9734407966,7747.5468017625735,-2619.4362292589035,5839.377137191104,107.8257017629426,14.012358935060284,20.97024952155257
349,349.0,5883450.266749728,2605209.3505779877,7855.372503525517,-2620.128444187099,5824.089067920628,108.58382303661509,14.013341252131669,20.92064322090194
350,350.0,5880830.13830554,2611033.4396459083,7963.956326562132,-2620.8036212345114,5808.799529922245,109.33980016539154,14.014955679925121,20.8709810965871
351,351.0,5878209.334684306,2616842.2391758305,8073.296126727523,-2621.4613500691844,5793.508030882893,110.0936644266677,14.01724465634356,20.821257564567652
352,352.0,5875587.873334236,2622635.7472067135,8183.389791154191,-2622.101194588701,5778.214045782831,110.8454489584167,14.020249961407599,20.7714669786482
353,353.0,5872965.772139648,2628413.9612524966,8294.235240112608,-2622.722693161349,5762.917017527841,111.59518869007219,14.024012722910303,20.721603634453697
354,354.0,5870343.049446487,2634176.8782700244,8405.830428802681,-2623.32535886575,5747.616357575162,112.34292027407271,14.028573422949952,20.671661773400793
355,355.0,5867719.724087621,2639924.4946275996,8518.173349076755,-2623.9086797284504,5732.311446552415,113.08868201809778,14.03397190534829,20.621635586659192
356,356.0,5865095.815407893,2645656.8060741522,8631.262031094853,-2624.4721189590323,5717.001634868944,113.83251381801685,14.04024738380136,20.571519219111742
357,357.0,5862471.343288934,2651373.807709021,8745.09454491287,-2625.01511518234,5701.686243318977,114.57445709156798,14.04743845072259,20.521306773312176
358,358.0,5859846.328173752,2657075.49395234,8859.669002004439,-2625.5370826674452,5686.36456367613,115.31455471277845,14.055583086704205,20.470992313442647
359,359.0,5857220.7910910845,2662761.858516016,8974.983556717218,-2626.037411553044,5671.03585927884,116.05285094713126,14.064718670483296,20.42056986927727
360,360.0,5854594.753679532,2668432.894375295,9091.03640766435,-2626.5154680689993,5655.699365606336,116.78939138747923,14.074881989377884,20.370033440150987
361,361.0,5851968.238211462,2674088.5937409014,9207.825799051829,-2626.9705947537877,5640.354290844872,117.52422289070176,14.086109250098916,20.319376998938747
362,362.0,5849341.267616709,2679728.9480317463,9325.35002194253,-2627.4021106676378,5624.99981644394,118.25739351509573,14.098436089886476,20.26859449604646
363,363.0,5846713.865506041,2685353.94784819,9443.607415457625,-2627.8093116012205,5609.635097662303,118.98895245848543,14.111897587863242,20.217679863420358
364,364.0,5844086.0561944395,2690963.5829458525,9562.59636791611,-2628.1914702797394,5594.259264103683,119.71894999703565,14.12652827660461,20.166627018572257
365,365.0,5841457.86472416,2696557.842209956,9682.315317913146,-2628.5478365623517,5578.871420242037,120.44743742474338,14.14236215378286,20.11542986863095
366,366.0,5838829.316887598,2702136.713630198,9802.76275533789,-2628.8776376368605,5563.470645936383,121.17446699358361,14.159432693888297,20.06408231441748
367,367.0,5836200.439249961,2707700.1842761342,9923.937222331473,-2629.180078209653,5548.055996935168,121.90009185427931,14.177772859943218,20.01257825454969
368,368.0,5833571.259171751,2713248.2402730696,10045.837314185752,-2629.454340690916,5532.626505370261,122.62436599766149,14.197415115137517,19.960911589580604
369,369.0,5830941.804831061,2718780.86677844,10168.461680183413,-2629.6995853751705,5517.181180240667,123.34734419658281,14.21839143434576,19.909076226172697
370,370.0,5828312.105245685,2724298.0479586804,10291.809024379996,-2629.9149506172007,5501.719007886085,124.06908194834625,14.240733315494554,19.85706608130938
371,371.0,5825682.190295068,2729799.7669665664,10415.878106328342,-2630.099553003504,5486.238952450516,124.78963541760406,14.264471790673225,19.804875086551654
372,372.0,5823052.090742064,2735286.005919017,10540.667741745947,-2630.2524875193953,5470.739956336139,125.50906137968302,14.289637436997197,19.752497192338044
373,373.0,5820421.838254544,2740756.745875353,10666.17680312563,-2630.3728728090523,5455.221000582236,126.22741331292504,14.316185282208057,19.6999211320571
374,374.0,5817791.465381735,2746211.9668759354,10792.404216438556,-2630.4600658800855,5439.681389264485,126.94472318476899,14.343713555691535,19.647111229699682
375,375.0,5815161.005315855,2751651.6482651997,10919.348939623325,-2630.5131053826353,5424.120010394407,127.66104898431557,14.372747034157596,19.594097710630457
376,376.0,5812530.492210473,2757075.7682755943,11047.00998860764,-2630.531009120063,5408.53573207427,128.37644908919657,14.403314411932353,19.54087465392187
377,377.0,5809899.961201353,2762484.3040076685,11175.386437696838,-2630.5127741993037,5392.92740290839,129.09098221047802,14.435443974550767,19.487436180741323
378,378.0,5807269.448427154,2767877.231410577,11304.477419907316,-2630.457377178192,5377.29385240654,129.8047073376917,14.469163607284603,19.43377645899071
379,379.0,5804638.991049975,2773254.5252629835,11434.282127245007,-2630.3637742100755,5361.6338913798945,130.51768368393564,14.504500803131211,19.3798897080086
380,380.0,5802008.627275765,2778616.1591543634,11564.799810928944,-2630.230901186054,5345.946312329948,131.22997063098373,14.541482670241008,19.325770203335868
381,381.0,5799378.396374579,2783962.105466693,11696.029781559928,-2630.057673875187,5330.229889830848,131.94162767434264,14.580135938767732,19.271412281544695
382,382.0,5796748.338700703,2789292.335356524,11827.971409234271,-2629.8429880630547,5314.48338090563,132.65271436819424,14.620486967098643,19.216810345133176
383,383.0,5794118.495712641,2794606.81873743,11960.624123602465,-2629.5857196890493,5298.705525396835,133.36329027015918,14.662561747451335,19.161958867484913
384,384.0,5791488.909992952,2799905.524262827,12093.987413872625,-2629.2847249828055,5282.895046332002,134.07341488581886,14.706385910824077,19.10685239789276
385,385.0,5788859.625267969,2805188.419309159,12228.060828758444,-2628.9388406001967,5267.050650284559,134.78314761292978,14.751984731264498,19.051485566647614
386,386.0,5786230.686427369,2810455.4699594434,12362.843976371374,-2628.546883759317,5251.171027730638,135.49254768526566,14.79938312944737,18.995853090190597
387,387.0,5783602.13954361,2815706.640987174,12498.33652405664,-2628.107652376905,5235.2548534023135,136.20167411602233,14.848605675565352,18.939949776325566
388,388.0,5780974.031891232,2820941.8958405764,12634.538198172662,-2627.619925205657,5219.3007866378275,136.9105856407189,14.89967659149213,18.883770529492313
389,389.0,5778346.411966027,2826161.196627214,12771.448783813381,-2627.0824619729005,5203.30747172933,137.61934065953022,14.952619752231351,18.827310356096007
390,390.0,5775719.329504054,2831364.5040989434,12909.068124472911,-2626.4940035210957,5187.273538268658,138.32799717898502,15.007458686636717,18.770564369890277
391,391.0,5773092.835500533,2836551.777637212,13047.396121651896,-2625.853271950642,5171.197601491704,139.0366127529646,15.064216577412035,18.71352779740911
392,392.0,5770466.982228582,2841722.9752387037,13186.432734404862,-2625.158970765485,5155.078262621914,139.74524442293648,15.12291626035134,18.656195983446114
393,393.0,5767841.823257816,2846878.0535013257,13326.177978827798,-2624.409785021995,5138.914109213427,140.45394865735994,15.18358022287973,18.598564396571426
394,394.0,5765217.413472794,2852016.967610539,13466.631927485158,-2623.604381481617,5122.70371549439,141.16278129019886,15.246230601848685,18.540628634684182
395,395.0,5762593.809091313,2857139.6713260333,13607.794708775356,-2622.7414087677753,5106.445642710968,141.87179745847942,15.310889180613588,18.482384430592425
396,396.0,5759971.067682545,2862246.1169687444,13749.666506233836,-2621.81949752753,5090.138439472554,142.58105153883025,15.377577385389543,18.42382765761416
397,397.0,5757349.248185017,2867336.255408217,13892.247557772665,-2620.8372605984523,5073.780642098655,143.29059708294506,15.446316280928691,18.36495433518909
398,398.0,5754728.410924419,2872410.036050316,14035.53815485561,-2619.793293181221,5057.370774967972,144.00048675190672,15.517126565474477,18.305760634496515
399,399.0,5752108.617631238,2877467.406825284,14179.538641607518,-2618.686173018404,5040.907350870091,144.71077224931526,15.590028565063779,18.246242884065804
400,400.0,5749489.93145822,2882508.3141761543,14324.249413856833,-2617.514460579883,5024.388871360282,145.42150425316245,15.665042227173585,18.186397575370588
401,401.0,5746872.41699764,2887532.7030475144,14469.670918109996,-2616.2766992554093,5007.813827117796,146.1327323463962,15.742187113699323,18.12622136839778
402,402.0,5744256.140298385,2892540.5168746323,14615.803650456392,-2614.971415554703,4991.180698308098,146.8445049461226,15.821482393366098,18.065711097173747
403,403.0,5741641.16888283,2897531.6975729405,14762.648155402514,-2613.5971193155633,4974.487954949415,147.55686923139038,15.90294683348982,18.00486377524242
404,404.0,5739027.571763515,2902506.18552789,14910.205024633904,-2612.152303920389,4957.73405728396,148.26987106951012,15.98659879122739,17.943676601073335
405,405.0,5736415.419459594,2907463.919585174,15058.474895703413,-2610.6354465215463,4940.917456154187,148.9835549408553,16.072456204227368,17.88214696339337
406,406.0,5733804.784013073,2912404.837041328,15207.458450644268,-2609.0450082759544,4924.036593384395,149.6979638621011,16.160536580812497,17.820272446419388
407,407.0,5731195.739004797,2917328.873634713,15357.15641450637,-2607.379434589274,4907.089902167967,150.41313930785378,16.250856989662246,17.75805083497958
408,408.0,5728588.359570208,2922235.963536881,15507.569553814223,-2605.6371553700683,4890.075807460515,151.12912113062723,16.34343404903434,17.6954801195061
409,409.0,5725982.722414838,2927126.0393443415,15658.69867494485,-2603.816585294271,4872.992726379186,151.8459474791248,16.438283915566846,17.632558500879558
410,410.0,5723378.905829544,2931999.0320707206,15810.544622423975,-2601.916124080296,4855.83906860834,152.56365471478637,16.535422272688564,17.56928439510722
411,411.0,5720776.989705464,2936854.871139329,15963.108277138761,-2599.9341567750776,4838.61323681178,153.28227732656325,16.63486431867562,17.505656437814494
412,412.0,5718177.055548688,2941693.484376141,16116.390554465324,-2597.869054051354,4821.313627051712,154.00184784388318,16.736624754361507,17.441673488530483
413,413.0,5715579.186494637,2946514.7980031925,16270.392402309208,-2595.7191725164444,4803.93862921459,154.72239674777188,16.840717770558346,17.37733463474459
414,414.0,5712983.46732212,2951318.736632407,16425.11479905698,-2593.482855032781,4786.486627443935,155.44395238009764,16.94715703520493,17.31263919571263
415,415.0,5710389.984467087,2956105.2232598513,16580.558751437078,-2591.158431050431,4768.956000580254,156.16654085090744,17.05595568026161,17.247586725990093
416,416.0,5707798.826036037,2960874.179260432,16736.725292287985,-2588.744216951823,4751.345122608121,156.89018594382466,17.16712628839824,17.182177018667257
417,417.0,5705210.081819085,2965625.5243830397,16893.615478231808,-2586.2385164088905,4733.652363110486,157.61490901947948,17.28068087946984,17.116410108283684
418,418.0,5702623.843302676,2970359.17674615,17051.23038725129,-2583.6396207528255,4715.876087730269,158.34072891694382,17.396630896815918,17.05028627339598
419,419.0,5700040.203681923,2975075.0528338803,17209.571116168234,-2580.9458093566172,4698.014658639258,159.06766185314473,17.514987193400835,16.983806038772872
420,420.0,5697459.257872567,2979773.0674925195,17368.638778021377,-2578.1553500305695,4680.066435014348,159.79572132022938,17.63576001778262,16.916970177192983
421,421.0,5694881.102522536,2984453.133927534,17528.434499341605,-2575.2664994309594,4662.02977352116,160.52491798085606,17.758958999938802,16.849779710817316
422,422.0,5692305.836023105,2989115.163701055,17688.95941732246,-2572.2775034820215,4643.903028805059,161.2552595613857,17.884593136922447,16.78223591211076
423,423.0,5689733.558519623,2993759.0667298604,17850.214676883847,-2569.1865978114315,4625.684553989596,161.98675074294846,18.012670778369817,16.714340304283873
424,424.0,5687164.371921812,2998384.75128385,18012.201427626795,-2565.9920081994937,4607.372701182459,162.7193930503588,18.143199611799908,16.646094661229657
425,425.0,5684598.379913612,3002992.1239850326,18174.920820677155,-2562.691951042237,4588.965821988985,163.45318473885266,18.276186647708553,16.577501006926497
426,426.0,5682035.68796257,3007581.0898070214,18338.374005416008,-2559.2846338286513,4570.462268033333,164.18812067861893,18.411638204416747,16.508561614279717
427,427.0,5679476.403328742,3012151.552075055,18502.56212609463,-2555.768255632338,4551.860391487479,164.92419223709572,18.549559892602428,16.439279003376
428,428.0,5676920.6350731095,3016703.4124665423,18667.486318331725,-2552.1410076178654,4533.158545608195,165.66138715900107,18.68995659949811,16.369655939121106
429,429.0,5674368.4940654915,3021236.5710121505,18833.147705490726,-2548.4010735622046,4514.355085282277,166.39968944406408,18.83283247261351,16.299695428238124
430,430.0,5671820.0929919295,3025750.9260974326,18999.54739493479,-2544.546630391621,4495.448367580307,167.13907922242262,18.978190902987173,16.22940071559549
431,431.0,5669275.546361538,3030246.374465013,19166.686474157214,-2540.575848734535,4476.436752319355,167.879532627647,19.12603450776093,16.158775279844633
432,432.0,5666734.970512803,3034722.8112173323,19334.566006784862,-2536.4868934908714,4457.318602635074,168.62102166735104,19.276365112065385,16.087822828337938
433,433.0,5664198.483619312,3039180.1298199673,19503.187028452212,-2532.2779244185663,4438.092285563768,169.3635140913434,19.429183729993586,16.016547291307674
434,434.0,5661666.205694893,3043618.222105531,19672.550542543555,-2527.9470967379657,4418.756172635125,170.1069732572716,19.58449054455923,15.944952815281848
435,435.0,5659138.258598155,3048036.978278166,19842.657515800827,-2523.492561754971,4399.3086404764,170.8513579937064,19.742284886470497,15.873043755716173
436,436.0,5656614.766036401,3052436.2869186425,20013.508873794533,-2518.9124675039207,4379.748071429023,171.59662246060975,19.902565211511675,15.800824668824275
437,437.0,5654095.853568897,3056816.0349900713,20185.105496255142,-2514.204959411351,4360.0728541787275,172.34271600712444,20.065329076312633,15.72830030258937
438,438.0,5651581.6486094855,3061176.1078442503,20357.44821226227,-2509.368180981883,4340.28138440044,173.08958302662185,20.230573112348186,15.655475586939783
439,439.0,5649072.280428504,3065516.389228651,20530.537795288892,-2504.4002745077382,4320.372065419435,173.83716280893572,20.398292997800983,15.582355623080305
440,440.0,5646567.880153996,3069836.76129407,20704.37495809783,-2499.2993818034706,4300.343308890333,174.5853893897103,20.568483427154955,15.508945671964256
441,441.0,5644068.580772192,3074137.1046029604,20878.96034748754,-2494.0636449677963,4280.193535495862,175.3341913967826,20.74113807810411,15.43525114190373
442,442.0,5641574.517127224,3078417.2981384564,21054.29453888432,-2488.6912071745533,4259.921175667418,176.08349189351833,20.916249575555756,15.361277575310767
443,443.0,5639085.82592005,3082677.219314124,21230.37803077784,-2483.180213495077,4239.524670329758,176.8332082190155,21.09380945235103,15.287030634570504
444,444.0,5636602.645706555,3086916.743984454,21407.211238996857,-2477.5288117545333,4219.002471672414,177.5832518250881,21.273808106362733,15.212516087048902
445,445.0,5634125.1168948,3091135.746456126,21584.794490821943,-2471.73515342498,4198.353043950624,178.33352810994094,21.456234753613128,15.137739789241621
446,446.0,5631653.381741376,3095334.099500077,21763.128018931886,-2465.7973945582303,4177.574864318927,179.0839362484438,21.641077377004216,15.062707670075877
447,447.0,5629187.584346818,3099511.674364396,21942.21195518033,-2459.713696761873,4156.666423700826,179.83436901891534,21.828322670249136,14.987425713381212
448,448.0,5626727.870650056,3103668.3407880967,22122.046324199244,-2453.482228222064,4135.626227698174,180.58471262632935,22.01795597664407,14.911899939547805
449,449.0,5624274.3884218335,3107803.967015795,22302.631036825573,-2447.1011647790724,4114.452797546572,181.3348465217511,22.209961219163073,14.836136385399113
450,450.0,5621827.287257055,3111918.4198133415,22483.965883347322,-2440.568695237543,4093.144675761003,182.0846429995044,22.404314576947453,14.76013903991981
451,451.0,5619386.718561817,3116011.5644891025,22666.050526346826,-2433.8830362906797,4071.700442379531,182.83396630908575,22.600970167526253,14.68390544183216
452,452.0,5616952.835525527,3120083.264931482,22848.88449265591,-2427.0424381769885,4050.1187208074657,183.58267228466664,22.799873985595838,14.607431682118484
453,453.0,5614525.793087349,3124133.3836522894,23032.467164940575,-2420.045188080947,4028.3981811180215,184.33060810400565,23.000967304624385,14.530713625184346
454,454.0,5612105.747899269,3128161.7818334075,23216.797773044582,-2412.8896136664744,4006.5375434691514,185.0776120491301,23.204186501042297,14.45374691572652
455,455.0,5609692.858285602,3132168.3193768766,23401.875385093714,-2405.5740867419627,3984.5355816347064,185.82351326969513,23.409462880613173,14.376526986924745
456,456.0,5607287.284198861,3136152.8549585114,23587.698898363407,-2398.097027054776,3962.3911266472574,186.56813155000447,23.616722508171563,14.299049069982411
457,457.0,5604889.187171806,3140115.2460851585,23774.26702991341,-2390.4569062125247,3940.1030705493567,187.31127708073936,23.825886041538517,14.221308205045169
458,458.0,5602498.730265593,3144055.3491557078,23961.57830699415,-2382.652251727471,3917.670370249111,188.05275023651942,24.036868570933148,14.143299253513005
459,459.0,5600116.078013865,3147973.019525957,24149.63105723067,-2374.6816511796374,3895.0920514752115,188.79234136048598,24.24957946494733,14.065016911761743
460,460.0,5597741.396362686,3151868.111577432,24338.423398591156,-2366.5437564932386,3872.3672128256962,189.5298305571685,24.463922224367536,13.986455726280955
461,461.0,5595374.852606192,3155740.478790258,24527.953229148323,-2358.237288320083,3849.4950299037946,190.2649874949644,24.679794345191777,13.907610110229067
462,462.0,5593016.615317872,3159589.973820162,24718.218216643287,-2349.7610405225964,3826.474759533317,190.99757121962662,24.897087192171092,13.828474361400618
463,463.0,5590666.854277349,3163416.4485796955,24909.215787862915,-2341.113884748062,3803.3057440450802,191.72732998021715,25.115685884305844,13.749042681592517
464,464.0,5588325.740392601,3167219.7543237405,25100.943117843133,-2332.2947750845433,3779.9874156248293,192.4540010690451,25.335469193826857,13.66930919734801
465,465.0,5585993.4456175165,3170999.7417393653,25293.397118912177,-2323.302752787871,3756.519300712142,193.17731067716105,25.556309460117845,13.58926798205025
466,466.0,5583670.142864728,3174756.2610400775,25486.57442958934,-2314.1369510679046,3732.90102443876,193.89697376702918,25.77807252014349,13.50891307932821
467,467.0,5581356.005913661,3178489.1620645165,25680.47140335637,-2304.7965999210805,3709.1323150937183,194.6126939640425,26.00061765698369,13.428238527728826
468,468.0,5579051.20931374,3182198.29437961,25875.08409732041,-2295.281030995119,3685.2130086016177,195.32416346858037,26.223797568012767,13.347238386601177
469,469.0,5576755.928282745,3185883.507388212,26070.40826078899,-2285.5896824705173,3661.143052999323,196.0310629903351,26.447458354355206,13.265906763128532
470,470.0,5574470.338600275,3189544.650441211,26266.439323779327,-2275.72210394231,3636.9225128953376,196.7330617066521,26.671439533146316,13.18423784043567
471,471.0,5572194.616496333,3193181.5729541066,26463.172385485977,-2265.6779612844184,3612.5515738951176,197.4298172466328,26.89557407413296,13.1022259066893
472,472.0,5569928.938535049,3196794.1245280015,26660.60220273261,-2255.4570414777063,3588.030546974538,198.1209757027483,27.119688462196287,13.019865385099626
473,473.0,5567673.481493571,3200382.155074976,26858.72317843536,-2245.0592573818544,3563.3598727828894,198.80617167168938,27.343602787097044,12.937150864723195
474,474.0,5565428.422236189,3203945.514947759,27057.529350107052,-2234.484652430047,3538.5401258558095,199.48502832615233,27.56713086193601,12.854077131956645
475,475.0,5563193.937583759,3207484.0550736147,27257.014378433203,-2223.733405224522,3513.5720187178035,200.15715751921,27.79008037150702,12.770639202603322
476,476.0,5560970.204178534,3210997.6270923326,27457.171535952413,-2212.8058340101225,3488.4564058532337,200.82215992285967,28.01225305175209,12.686832354385594
477,477.0,5558757.398344524,3214486.083498186,27657.993695875273,-2201.702401002223,3463.1942875240634,201.47962520226008,28.233444901273966,12.602652159768018
478,478.0,5556555.695943522,3217949.27778571,27859.473321077534,-2190.4237165446743,3437.786813412081,202.12913222707618,28.453446425809517,12.518094518948752
479,479.0,5554365.272226977,3221387.064599122,28061.60245330461,-2178.970543072854,3412.235286062888,202.7702493212411,28.672042916389675,12.433155692869613
480,480.0,5552186.301683905,3224799.299885185,28264.372702625853,-2167.3437988565206,3386.5411641087276,203.4025345523123,28.889014761583997,12.347832336089226
481,481.0,5550018.957885048,3228185.8410492935,28467.775237178164,-2155.544561496868,3360.706065247016,204.0255360614553,29.104137794215028,12.26212152935796
482,482.0,5547863.413323551,3231546.5471145404,28671.800773239618,-2143.5740711520903,3334.731768951508,204.63879243492192,29.317183672540974,12.176020811728867
483,483.0,5545719.839252399,3234881.2788834916,28876.43956567454,-2131.4337334658494,3308.6202188931784,205.2418331177089,29.527920295749823,12.08952821203533
484,484.0,5543588.405518933,3238189.8991023847,29081.68139879225,-2119.125122173318,3282.3735250482864,205.8341788698831,29.73611225329437,12.00264227956342
485,485.0,5541469.2803967595,3241472.272627433,29287.515577662132,-2106.64998135993,3255.9939654716027,206.41534226584426,29.94152130737137,11.915362113745784
486,486.0,5539362.6304154,3244728.2665929045,29493.930919927978,-2094.0102273486973,3229.4839877135514,206.98482823656428,30.143906907505805,11.82768739270338
487,487.0,5537268.620188051,3247957.750580618,29700.91574816454,-2081.2079501928315,3202.846209860922,207.54213465459773,30.343026735953018,11.739618400462804
488,488.0,5535187.412237858,3251160.596790479,29908.45788281914,-2068.2454147515646,3176.083421181958,208.0867529613992,30.538637282312536,11.651156052679088
489,489.0,5533119.166823107,3254336.680211661,30116.54463578054,-2055.125061328415,3149.1985823579416,208.61816883621458,30.73049444545433,11.562301920697806
490,490.0,5531064.041761778,3257485.8787940186,30325.162804616757,-2041.8495058527478,3122.194825284958,209.1358629055342,30.91835416052835,11.473058253795296
491,491.0,5529022.192255925,3260608.0736193038,30534.298667522293,-2028.4215395873146,3095.0754524312556,209.63931149181073,31.101973048529832,11.383427999442501
492,492.0,5526993.770716338,3263703.149071735,30743.937979014103,-2014.844128346424,3067.8439357374923,210.1279873998562,31.281109085705392,11.29341482144609
493,493.0,5524978.926587992,3266770.9930074723,30954.06596641396,-2001.1204112117462,3040.503915049354,210.60136073903922,31.4555222895938,11.203023115829298
494,494.0,5522977.806176781,3269811.4969225214,31164.667327152998,-1987.253698735113,3013.0591960742345,211.0588997791149,31.624975418468686,11.11225802432642
495,495.0,5520990.552478045,3272824.5561185954,31375.726226932115,-1973.2474706203823,2985.513747856173,211.5000718372336,31.78923468050547,11.021125445376182
496,496.0,5519017.305007425,3275810.0698664514,31587.226298769347,-1959.1053728791815,2957.8716997657716,211.92434419339517,31.948070448941515,10.92963204251313
497,497.0,5517058.199634546,3278767.941566217,31799.15064296274,-1944.8312144583358,2930.1373380045734,212.33118503134858,32.101257979174065,10.837785250069988
498,498.0,5515113.368420088,3281698.0789042218,32011.48182799409,-1930.4289633398503,2902.3151016261577,212.72006440168104,32.24857812366395,10.745593276119811
499,499.0,5513182.939456748,3284600.394005848,32224.20189239577,-1915.9027421174992,2874.4095780791317,213.09045520360456,32.38981804033705,10.653065102602916
500,500.0,5511267.03671463,3287474.8035839275,32437.292347599374,-1901.2568230573427,2846.425498280139,213.44183418172918,32.52477189009179,10.560210482600766
501,501.0,5509365.779891573,3290321.2290822077,32650.734181781103,-1886.4956226527217,2818.3677312279356,213.77368293392033,32.65324151906918,10.467039934737203
502,502.0,5507479.28426892,3293139.5968134357,32864.50786471502,-1871.6236956876724,2790.24127817263,214.08548892616759,32.7750371211318,10.373564734704809
503,503.0,5505607.660573233,3295929.838091608,33078.59335364119,-1856.6457288259273,2762.051266357082,214.37674651025478,32.88997787623298,10.279796903933871
504,504.0,5503751.014844407,3298691.8893579654,33292.97010015145,-1841.566533745893,2733.802942350338,214.6469579399124,32.9978925603682,10.185749195439625
505,505.0,5501909.448310661,3301425.692300316,33507.61705809136,-1826.391039845159,2705.5016649957824,214.89563438105944,33.09862012288023,10.091435076902103
506,506.0,5500083.057270816,3304131.1939653116,33722.51269247242,-1811.1242865411132,2677.152897999398,215.1222969117008,33.19201022710095,9.99686871105162
507,507.0,5498271.932984275,3306808.3468633112,33937.63498938412,-1795.7714151970229,2648.7622021859524,215.32647750704487,33.27792375062312,9.902064933451442
508,508.0,5496476.1615690775,3309457.1090654973,34152.96146689116,-1780.3376607057248,2620.3352274534072,215.5077200054375,33.35623324151228,9.807039227785395
509,509.0,5494695.823908372,3312077.444292951,34368.4691868966,-1764.8283427642755,2591.8777044567523,215.66558105079088,33.4268233289607,9.711807699006696
510,510.0,5492930.995565607,3314669.321997408,34584.134767947384,-1749.2488506967286,2563.39542997681,215.7996310554036,33.48959975274971,9.616388276184615
511,511.0,5491181.7467149105,3317232.7174273846,34799.934399002785,-1733.604613423888,2534.8942377723697,215.90945519168224,33.54451013427399,9.520803435487105
512,512.0,5489448.142101486,3319767.611665157,35015.84385419446,-1717.9010856535049,2506.379985470939,215.99465412277414,33.591521164459415,9.425076661626465
513,513.0,5487730.241015833,3322273.991650628,35231.83850831724,-1702.143738409531,2477.858545750769,216.05484464021805,33.63061250202957,9.32923151707148
514,514.0,5486028.097277423,3324751.850196379,35447.89335295746,-1686.338049601981,2449.3357975833796,216.08966025334524,33.66177670378105,9.233291607210097
515,515.0,5484341.759227822,3327201.185993962,35663.9830132108,-1670.4894946753702,2420.817617571119,216.09875172843996,33.68501910377772,9.137280545715054
516,516.0,5482671.269733146,3329622.003611533,35880.08176493924,-1654.6035373729815,2392.309871413575,216.08178757598918,33.70035764246045,9.041221920238637
517,517.0,5481016.666195773,3332014.3134829467,36096.16355251523,-1638.6856206531268,2363.8184055355773,216.0384544846799,33.707822647232774,8.945139258562211
518,518.0,5479377.980575119,3334378.1318884823,36312.20200699991,-1622.741157792339,2335.3490389083618,215.9684577011407,33.7074565662137,8.849055995321793
519,519.0,5477755.239417327,3336713.4809273905,36528.170464701056,-1606.7755237089307,2306.9075550940297,215.8715213547648,33.699313657246485,8.752995439428
520,520.0,5476148.4638936175,3339020.3884824845,36744.04198605582,-1590.7940465386364,2278.4996945418297,215.74738872729534,33.683459634529825,8.65698074229404
521,521.0,5474557.669847079,3341298.8881770265,36959.78937478311,-1574.8019994921751,2250.131147163009,215.59582246719208,33.659971275459675,8.56103486698007
522,522.0,5472982.867847586,3343549.0193241895,37175.3851972503,-1558.804593022493,2221.8075452090534,215.4166047491353,33.62893599052398,8.465180558356487
523,523.0,5471424.063254563,3345770.8268693984,37390.80180199944,-1542.8069673272637,2193.534456476106,215.20953737934732,33.590451359237704,8.369440314381965
524,524.0,5469881.256287236,3347964.3613258745,37606.01133937879,-1526.8141852098424,2165.3173778561263,214.97444184772894,33.544624635378945,8.273836358585722
525,525.0,5468354.442102026,3350129.6787037305,37820.98578122652,-1510.8312253194717,2137.1617292531564,214.71115932810753,33.49157222478929,8.17839061383509
526,526.0,5466843.610876706,3352266.840432984,38035.696940554626,-1494.8629757890346,2109.0728478807114,214.41955062818144,33.4314191391626,8.0831246774622
527,527.0,5465348.747900917,3354375.9132808647,38250.11649118281,-1478.9142282860553,2081.0559829539397,214.09949609100983,33.36429842935224,7.988059797815442
528,528.0,5463869.8336726315,3356456.9692638186,38464.21598727382,-1462.9896724900807,2053.1162907878006,213.75089545014583,33.29035060170167,7.8932168522927295
529,529.0,5462406.844000141,3358510.0855546063,38677.966882723966,-1447.0938910069744,2025.2588303101127,213.37366764073562,33.20972302094424,7.7986163269051145
530,530.0,5460959.750109134,3360535.3443849166,38891.3405503647,-1431.2313547281017,1997.4885589959606,212.96775056910798,33.12256930314587,7.7042782974105
531,531.0,5459528.518754406,3362532.8329439126,39104.30830093381,-1415.4064186397923,1969.8103292275437,212.5331008435578,33.0290487022312,7.610222412049255
532,532.0,5458113.112335766,3364502.6432731403,39316.84140177737,-1399.6233180860686,1942.2288850813293,212.06969346918075,32.929325493365084,7.516467875903713
533,533.0,5456713.489017679,3366444.8721582214,39528.91109524655,-1383.8861654851542,1914.748859542079,211.57752150974443,32.823568356556436,7.4230334368965245
534,534.0,5455329.602852195,3368359.6210177634,39740.488616756295,-1368.1989474979794,1887.3747721411746,211.05659571968587,32.711949763631885,7.329937373433828
535,535.0,5453961.403904697,3370246.9957899046,39951.54521247598,-1352.5655226447743,1860.1110270146921,210.50694414940344,32.594645371481164,7.237197483690733
536,536.0,5452608.838382052,3372107.1068169195,40162.05215662539,-1336.9896193636316,1832.9619113746082,209.92861172706532,32.47183342459871,7.1448310765307745
537,537.0,5451271.848762688,3373940.068728294,40371.980768352456,-1321.4748345030796,1805.9315943848023,209.32165982018714,32.34369416944089,7.052854964041545
538,538.0,5449950.373928186,3375746.000322679,40581.30242817265,-1306.0246322388687,1779.0241264317845,208.68616578023895,32.21040928312679,6.96128545566324
539,539.0,5448644.349295947,3377525.024449111,40789.98859395288,-1290.6423434034562,1752.2434387784645,208.02222247352603,32.072161318841246,6.870138353880551
540,540.0,5447353.706952543,3379277.2678878894,40998.01081642641,-1275.3311652152652,1725.5933435879356,207.3299378015535,31.92913316988485,6.7794289514409805
541,541.0,5446078.375787328,3381002.8612314775,41205.34075422796,-1260.0941613933308,1699.077534302857,206.60943421402837,31.781507554396786,6.689172030059279
542,542.0,5444818.281625935,3382701.9387657805,41411.95018844199,-1244.9342626418074,1672.6995863649263,205.8608482175801,31.62946652231749,6.599381860560902
543,543.0,5443573.347363293,3384374.6383521454,41617.811036659565,-1229.854267487785,1646.4629582579282,205.08432988319154,31.473190986047417,6.510072204413838
544,544.0,5442343.493095805,3386021.1013104036,41822.895366542754,-1214.856843454905,1620.3709928569283,204.28004235522587,31.312860276111977,6.4212563165946
545,545.0,5441128.63625235,3387641.4723032606,42027.17540889798,-1199.9445285545662,1594.4269190654684,203.44816136481745,31.14865172284852,6.332946949730178
546,546.0,5439928.691723796,3389235.899222326,42230.6235702628,-1185.1197330759062,1568.633853722016,202.58887475026413,30.98074026496573,6.245156359455129
547,547.0,5438743.57199072,3390804.533076048,42433.21244501306,-1170.3847416553035,1542.994803756456,201.70238198691882,30.809298085617314,6.157896310920554
548,548.0,5437573.187249064,3392347.5278798044,42634.91482699998,-1155.7417156057895,1517.5126685770292,200.78889372892743,30.634494276522815,6.071178086390319
549,549.0,5436417.445533459,3393865.0405483814,42835.7037207289,-1141.1926954865612,1492.1902426678853,199.84863136500334,30.45649453044087,5.9850124938580835
550,550.0,5435276.252837973,3395357.230791049,43035.55235209391,-1126.7396038927593,1467.0302183773333,198.88182659026833,30.27546086207636,5.8994098766172955
551,551.0,5434149.51323408,3396824.2610094263,43234.434178684176,-1112.3842484456147,1442.0351888767646,197.8887209960194,30.09155135755389,5.814380123717259
552,552.0,5433037.128985634,3398266.296198303,43432.32289968019,-1098.128324963258,1417.2076512703484,196.86956567911253,29.904919952224716,5.729932681236505
553,553.0,5431939.000660671,3399683.5038495734,43629.1924653593,-1083.9734207926629,1392.5500098357063,195.82462087247987,29.715716236621184,5.646076564306145
554,554.0,5430855.027239879,3401076.053859409,43825.01708623178,-1069.9210182835118,1368.0645793760182,194.75415559812419,29.52408529016039,5.5628203698157375
555,555.0,5429785.106221595,3402444.118438785,44019.771241829905,-1055.9724983851193,1343.7535886642888,193.65844734375844,29.3301675421559,5.4801722897353615
556,556.0,5428729.13372321,3403787.8720274493,44213.42968917367,-1042.1291443479524,1319.6191839608357,192.53778176408383,29.134098659627554,5.398140124988735
557,557.0,5427687.004578861,3405107.49121141,44405.96747093775,-1028.3921455118477,1295.6634325855275,191.39245240752993,28.93600946117844,5.316731299812481
558,558.0,5426658.61243335,3406403.1546439957,44597.35992334528,-1014.762601163406,1271.8883265266404,190.22276046910295,28.73602585643373,5.2359528765402015
559,559.0,5425643.8498321865,3407675.0429705223,44787.58268381438,-1001.2415244457278,1248.2957860687886,189.02901456982497,28.534268810147033,5.155811570748997
560,560.0,5424642.608307741,3408923.338756591,44976.6116983842,-987.8298463041668,1224.8876634228393,187.81153056307653,28.330854330284588,5.076313766709746
